email,ho_ten,sdt_noi_bo,vai_tro,ma_don_vi,truong_nhom,tu_ngay,den_ngay,nick_giu,kenh_chinh_thuc,ly_do
nv01.uat@vcprosperous.com,Nhân Viên Mẫu 01,,nvkd,TD-DV-HN1,,,,,,
nv02.uat@vcprosperous.com,Nhân Viên Mẫu 02,,nvkd,TD-DV-HN2,,,,,,
nv03.uat@vcprosperous.com,Nhân Viên Mẫu 03,,nvkd,TD-DV-HN1,,,,,,
nv04.uat@vcprosperous.com,Nhân Viên Mẫu 04,,nvkd,TD-DV-HN2,,,,,,
nv05.uat@vcprosperous.com,Nhân Viên Mẫu 05,,nvkd,TD-DV-HN1,,,,,,
nv06.uat@vcprosperous.com,Nhân Viên Mẫu 06,,nvkd,TD-DV-HN2,,,,,,
nv07.uat@vcprosperous.com,Nhân Viên Mẫu 07,,nvkd,TD-DV-HN1,,,,,,
nv08.uat@vcprosperous.com,Nhân Viên Mẫu 08,,nvkd,TD-DV-HN2,,,,,,
nv09.uat@vcprosperous.com,Nhân Viên Mẫu 09,,nvkd,TD-DV-HN1,,,,,,
nv10.uat@vcprosperous.com,Nhân Viên Mẫu 10,,nvkd,TD-DV-HN2,,,,,,
nv11.uat@vcprosperous.com,Nhân Viên Mẫu 11,,nvkd,TD-DV-HN1,,,,,,
nv12.uat@vcprosperous.com,Nhân Viên Mẫu 12,,nvkd,TD-DV-HN2,,,,,,
nv13.uat@vcprosperous.com,Nhân Viên Mẫu 13,,nvkd,TD-DV-HN1,,,,,,
nv14.uat@vcprosperous.com,Nhân Viên Mẫu 14,,nvkd,TD-DV-HN2,,,,,,
nv15.uat@vcprosperous.com,Nhân Viên Mẫu 15,,nvkd,TD-DV-HN1,,,,,,
nv16.uat@vcprosperous.com,Nhân Viên Mẫu 16,,nvkd,TD-DV-HN2,,,,,,
nv17.uat@vcprosperous.com,Nhân Viên Mẫu 17,,nvkd,TD-DV-HN1,,,,,,
nv18.uat@vcprosperous.com,Nhân Viên Mẫu 18,,nvkd,TD-DV-HN2,,,,,,
nv19.uat@vcprosperous.com,Nhân Viên Mẫu 19,,nvkd,TD-DV-HN1,,,,,,
nv20.uat@vcprosperous.com,Nhân Viên Mẫu 20,,nvkd,TD-DV-HN2,,,,,,
nv21.uat@vcprosperous.com,Nhân Viên Mẫu 21,,nvkd,TD-DV-HN1,,,,,,
nv22.uat@vcprosperous.com,Nhân Viên Mẫu 22,,nvkd,TD-DV-HN2,,,,,,
nv23.uat@vcprosperous.com,Nhân Viên Mẫu 23,,nvkd,TD-DV-HN1,,,,,,
nv24.uat@vcprosperous.com,Nhân Viên Mẫu 24,,nvkd,TD-DV-HN2,,,,,,
nv25.uat@vcprosperous.com,Nhân Viên Mẫu 25,,nvkd,TD-DV-HN1,,,,,,
nv26.uat@vcprosperous.com,Nhân Viên Mẫu 26,,nvkd,TD-DV-HN2,,,,,,
nv27.uat@vcprosperous.com,Nhân Viên Mẫu 27,,nvkd,TD-DV-HN1,,,,,,
nv28.uat@vcprosperous.com,Nhân Viên Mẫu 28,,nvkd,TD-DV-HN2,,,,,,
nv29.uat@vcprosperous.com,Nhân Viên Mẫu 29,,nvkd,TD-DV-HN1,,,,,,
nv30.uat@vcprosperous.com,Nhân Viên Mẫu 30,,nvkd,TD-DV-HN2,,,,,,
nv31.uat@vcprosperous.com,Nhân Viên Mẫu 31,,nvkd,TD-DV-HN1,,,,,,
nv32.uat@vcprosperous.com,Nhân Viên Mẫu 32,,nvkd,TD-DV-HN2,,,,,,
nv33.uat@vcprosperous.com,Nhân Viên Mẫu 33,,nvkd,TD-DV-HN1,,,,,,
nv34.uat@vcprosperous.com,Nhân Viên Mẫu 34,,nvkd,TD-DV-HN2,,,,,,
nv35.uat@vcprosperous.com,Nhân Viên Mẫu 35,,nvkd,TD-DV-HN1,,,,,,
nv36.uat@vcprosperous.com,Nhân Viên Mẫu 36,,nvkd,TD-DV-HN2,,,,,,
nv37.uat@vcprosperous.com,Nhân Viên Mẫu 37,,nvkd,TD-DV-HN1,,,,,,
nv38.uat@vcprosperous.com,Nhân Viên Mẫu 38,,nvkd,TD-DV-HN2,,,,,,
nv39.uat@vcprosperous.com,Nhân Viên Mẫu 39,,nvkd,TD-DV-HN1,,,,,,
nv40.uat@vcprosperous.com,Nhân Viên Mẫu 40,,nvkd,TD-DV-HN2,,,,,,
nv41.uat@vcprosperous.com,Nhân Viên Mẫu 41,,nvkd,TD-DV-HN1,,,,,,
nv42.uat@vcprosperous.com,Nhân Viên Mẫu 42,,nvkd,TD-DV-HN2,,,,,,
nv43.uat@vcprosperous.com,Nhân Viên Mẫu 43,,nvkd,TD-DV-HN1,,,,,,
nv44.uat@vcprosperous.com,Nhân Viên Mẫu 44,,nvkd,TD-DV-HN2,,,,,,
nv45.uat@vcprosperous.com,Nhân Viên Mẫu 45,,nvkd,TD-DV-HN1,,,,,,
nv46.uat@vcprosperous.com,Nhân Viên Mẫu 46,,nvkd,TD-DV-HN2,,,,,,
nv47.uat@vcprosperous.com,Nhân Viên Mẫu 47,,nvkd,TD-DV-HN1,,,,,,
nv48.uat@vcprosperous.com,Nhân Viên Mẫu 48,,nvkd,TD-DV-HN2,,,,,,
nv49.uat@vcprosperous.com,Nhân Viên Mẫu 49,,nvkd,TD-DV-HN1,,,,,,
nv50.uat@vcprosperous.com,Nhân Viên Mẫu 50,,nvkd,TD-DV-HN2,,,,,,
nv51.uat@vcprosperous.com,Nhân Viên Mẫu 51,,nvkd,TD-DV-HN1,,,,,,
nv52.uat@vcprosperous.com,Nhân Viên Mẫu 52,,nvkd,TD-DV-HN2,,,,,,
nv53.uat@vcprosperous.com,Nhân Viên Mẫu 53,,nvkd,TD-DV-HN1,,,,,,
nv54.uat@vcprosperous.com,Nhân Viên Mẫu 54,,nvkd,TD-DV-HN2,,,,,,
nv55.uat@vcprosperous.com,Nhân Viên Mẫu 55,,nvkd,TD-DV-HN1,,,,,,
nv56.uat@vcprosperous.com,Nhân Viên Mẫu 56,,nvkd,TD-DV-HN2,,,,,,
sai-loai.uat@vcprosperous.com,Sai Loại Đơn Vị,,nvkd,TD-DV-CS,,,,,,
ngoai-domain@example.vn,Ngoài Domain,,nvkd,TD-DV-HN1,,,,,,
nv01.uat@vcprosperous.com,Khác Họ Tên,,nvkd,TD-DV-HN1,,,,,,
quan.uat@vcprosperous.com,Đặng Văn Quân,,nvkd,TD-DV-HN1,,,,,,
