vi,zh,en,ghi_chu
radar điểm mù,盲点雷达,blind spot radar,
radar khoảng cách ngắn,短程雷达,short range radar,
lập trình,编程,programming,thợ TQ nói 编 = 编程
cài mã (coding),设码 | 射码,coding,Whisper hay nghe 设码 thành 射码
xác thực SecOC,认证 | SecOC | SECOC,SecOC authentication,Whisper hay nghe SECOC thành S1COC
ngoại tuyến (offline),离线,offline,
trực tuyến (online),在线,online,
cổng gateway,网关,gateway,
đèn pha,大灯,headlight,
dây đai an toàn,安全带,seat belt,
mô-đun,模块,module,
xe nhập song song,平行进口,parallel import,
lùi thời gian (hệ thống),退时间,roll back system time,đẩy ngày hệ thống về trước để xác thực offline
khoá điện EZS,EZS,EZS ignition switch,
ghế trước,前座椅,front seat,
