cluster,keep_id,keep_title,drop_id,drop_title,reason,merge_note
1,6ab6fa95f3ad31ef11df0d8e,Cách tính có nên đăng ký bảo hiểm ship/bồi hoàn phí vận chuyển: so sánh tổng phí đăng ký với tổng thiệt hại đơn hoàn thực tế,6ab72fcbe8a762a4385a534a,So sánh chi phí đăng ký và không đăng ký gói bồi hoàn phí vận chuyển đơn bom/hoàn TikTok Shop,Cùng một quyết định: có nên đăng ký gói bồi hoàn/bảo hiểm phí vận chuyển đơn bom-hoàn — so tổng phí gói với thiệt hại hoàn thực tế; df0d8e có cách tính từng bước.,"Phí gói khoảng 1.620–1.650đ/đơn giao thành công (dao động theo điểm vận hành shop), đổi lại được bù tối đa 40.000đ phí quay đầu cho mỗi đơn bom/hoàn; mở từ khoảng 10/2025; thường chỉ có lợi với ngành tỷ lệ hoàn cao (điển hình thời trang); đơn giá trị thấp chịu ảnh hưởng tương đối lớn hơn."
1,6ab6fa95f3ad31ef11df0d8e,Cách tính có nên đăng ký bảo hiểm ship/bồi hoàn phí vận chuyển: so sánh tổng phí đăng ký với tổng thiệt hại đơn hoàn thực tế,6ab6a9cef3ad31ef11df0c81,Đăng ký gói bảo hiểm ship TikTok Shop 1.650đ/đơn: chỉ nên bật khi phí hoàn thực tế vượt ngưỡng này,Cùng một quyết định: có nên đăng ký gói bồi hoàn/bảo hiểm phí vận chuyển đơn bom-hoàn — so tổng phí gói với thiệt hại hoàn thực tế; df0d8e có cách tính từng bước.,"Phí gói khoảng 1.620–1.650đ/đơn giao thành công (dao động theo điểm vận hành shop), đổi lại được bù tối đa 40.000đ phí quay đầu cho mỗi đơn bom/hoàn; mở từ khoảng 10/2025; thường chỉ có lợi với ngành tỷ lệ hoàn cao (điển hình thời trang); đơn giá trị thấp chịu ảnh hưởng tương đối lớn hơn."
1,6ab6fa95f3ad31ef11df0d8e,Cách tính có nên đăng ký bảo hiểm ship/bồi hoàn phí vận chuyển: so sánh tổng phí đăng ký với tổng thiệt hại đơn hoàn thực tế,6ab6f9f7f3ad31ef11df0d6a,Chương trình hoàn phí vận chuyển của TikTok Shop: đăng ký mất 1.620đ/đơn để được bảo hiểm phí bom hàng và hoàn trả tới 40k,Cùng một quyết định: có nên đăng ký gói bồi hoàn/bảo hiểm phí vận chuyển đơn bom-hoàn — so tổng phí gói với thiệt hại hoàn thực tế; df0d8e có cách tính từng bước.,"Phí gói khoảng 1.620–1.650đ/đơn giao thành công (dao động theo điểm vận hành shop), đổi lại được bù tối đa 40.000đ phí quay đầu cho mỗi đơn bom/hoàn; mở từ khoảng 10/2025; thường chỉ có lợi với ngành tỷ lệ hoàn cao (điển hình thời trang); đơn giá trị thấp chịu ảnh hưởng tương đối lớn hơn."
2,6ab6f924f3ad31ef11df0d3a,Tra cứu chính sách sàn TikTok Shop miễn phí qua mục Học viện > Trung tâm chính sách trong Seller Center,6ab6f971f3ad31ef11df0d4b,Học chính sách sàn miễn phí và chấp nhận luật chơi thay vì trả tiền học lại hoặc đòi bỏ sàn khi bị phạt vi phạm,"Cùng ý: toàn bộ chính sách TikTok Shop có miễn phí ở Học viện > Trung tâm chính sách của Seller Center, không cần trả tiền học khoá chính sách bên ngoài.",Khi bị phạt hoặc sàn siết quy định: cập nhật chính sách định kỳ và tuân thủ luật chơi thay vì phản ứng đòi bỏ sàn.
3,6ab73095e8a762a4385a5366,"Chương trình Star Shop+ trên TikTok Shop: điều kiện đạt và ưu đãi hoàn tiền quảng cáo, giãn thời gian xử lý đơn",6ab6f832f3ad31ef11df0d05,Điều kiện lên Starshop và quyền lợi chương trình Starshop+ của TikTok Shop,"Cùng chủ đề điều kiện và quyền lợi Star Shop/Star Shop+; df0d05 chỉ nói chung, 5a5366 có con số (hoàn tín quảng cáo đến 50%, tối đa khoảng 150 triệu, thêm 2 ngày xử lý đơn).","Star Shop tự động lên khi đạt đủ chỉ số; Star Shop+ phải đăng ký thêm; điều kiện, quyền lợi đã đổi nhiều lần trong 2025 nên cần ghi mốc cập nhật."
4,6ab6fca8f3ad31ef11df0df4,Chính sách giao hàng nhanh (FDR) của TikTok Shop: mốc giờ bắt buộc bàn giao vận chuyển và cách gia hạn xử lý đơn,6ab73002e8a762a4385a5351,TikTok Shop liên tục dời mốc giờ chốt đơn/bàn giao vận chuyển trong ngày: từ 12h lên 18h qua các đợt 2024–2025,Cùng quy định mốc giờ bàn giao vận chuyển trong ngày (nay 18h) và hậu quả giao muộn; df0df4 đủ cả hai hạn (23h59 cùng ngày / 12h trưa hôm sau).,"Lịch sử mốc: 12h (2024) → 14h → 16h → 18h (áp dụng từ 1/12/2025); đơn phải được ĐVVC quét trạng thái ""đang vận chuyển""; hậu quả thêm: mất FreeShip Xtra, giảm traffic tự nhiên; mốc hay đổi nên luôn đối chiếu thông báo mới nhất."
5,6ab6f85bf3ad31ef11df0d0b,"Chọn sản phẩm bán trên sàn theo lợi thế bản thân, kiểm chứng nhu cầu thị trường trước khi bắt đầu",6ab6fcf7f3ad31ef11df0dfa,"Chọn sản phẩm bán trên sàn theo lợi thế cạnh tranh của bản thân, không chạy theo người khác bán chạy",Cùng nguyên tắc chọn sản phẩm theo lợi thế của người bán kết hợp nhu cầu thật; df0d0b có thêm bước kiểm chứng thị trường và tính biên sau phí sàn.,"Sai lầm phổ biến: thấy sản phẩm người khác bán chạy thì nhập qua trung gian về bán theo nên không cạnh tranh được giá; lợi thế thật = nguồn hàng tận gốc/tự sản xuất, giá nhập tốt, hiểu sâu sản phẩm."
6,6ab6fa08f3ad31ef11df0d6f,"Khi sàn TMĐT tăng phí, phải chủ động tăng giá bán tương ứng chứ không gồng chi phí",6ab6f874f3ad31ef11df0d14,"Không bán phá giá khi phí sàn tăng: xu hướng chung là tăng giá bán, không phải giảm sâu","Cùng quy tắc: sàn tăng phí thì chủ động tăng giá bán tương ứng, không gồng chi phí hay bán phá giá; df0d6f có nhịp tăng cụ thể (phí tăng 1–4%/đợt, tăng giá dần 5.000–10.000đ).","Lý do: mọi shop cùng chịu phí nên ai không tăng giá sẽ lỗ và tự đào thải; phí tăng theo % (vd phí vận chuyển 4,5% → 5,5%) thì tăng giá đúng % đó — với sản phẩm giá nhỏ chỉ vài nghìn đồng, không ảnh hưởng quyết định mua."
6,6ab6fa08f3ad31ef11df0d6f,"Khi sàn TMĐT tăng phí, phải chủ động tăng giá bán tương ứng chứ không gồng chi phí",6ab6fa43f3ad31ef11df0d7b,"Sàn tăng phí vận chuyển theo %: chỉ cần tăng giá bán đúng % đó, không cần hoảng loạn","Cùng quy tắc: sàn tăng phí thì chủ động tăng giá bán tương ứng, không gồng chi phí hay bán phá giá; df0d6f có nhịp tăng cụ thể (phí tăng 1–4%/đợt, tăng giá dần 5.000–10.000đ).","Lý do: mọi shop cùng chịu phí nên ai không tăng giá sẽ lỗ và tự đào thải; phí tăng theo % (vd phí vận chuyển 4,5% → 5,5%) thì tăng giá đúng % đó — với sản phẩm giá nhỏ chỉ vài nghìn đồng, không ảnh hưởng quyết định mua."
7,6ab730fce8a762a4385a537b,"6 nguyên nhân khiến shop TikTok Shop tụt đơn/doanh số và cách chẩn đoán, khắc phục",6ab730aae8a762a4385a536b,5 nguyên nhân khiến đơn hàng TikTok Shop tụt sau Tết và cách khắc phục từng nguyên nhân,"5 nguyên nhân tụt đơn sau Tết (hết mùa vụ, điểm vận hành tụt, KOC ngừng hỗ trợ, kênh chững, chi phí tăng buộc tăng giá) đều nằm trong 6 nhóm nguyên nhân của 5a537b.",Bối cảnh sau Tết: sản phẩm mùa cũ không còn đúng nhu cầu mùa mới; phí nền tảng/thuế tăng buộc tăng giá bán.
8,6ab6aa97f3ad31ef11df0c9e,"Checklist 4 bước chuẩn bị gian hàng cho sale ngày đôi: shop, tồn kho, video và livestream",6ab700bef3ad31ef11df0e22,"4 việc cần chuẩn bị trước ngày siêu sale: test video quảng cáo, lên lịch livestream, chuẩn bị nguồn hàng và sức khỏe","Cùng checklist chuẩn bị siêu sale: nguồn hàng/tồn kho, video quảng cáo, lịch livestream; df0c9e cụ thể hơn (7 ngày trước sale, khoá tồn gấp ~3 lần, đăng ký chiến dịch theo nhóm SKU).","Test sẵn nhiều video quảng cáo trước sale; tạo lịch sự kiện livestream đúng ngày sale; chuẩn bị sức khoẻ, tinh thần đội live — tránh cảnh ngày siêu sale bán kém hơn ngày thường."
9,6ab7303ae8a762a4385a5359,"Bán xuyên Tết hay bật chế độ nghỉ lễ trên TikTok Shop: cân nhắc rủi ro hoàn phí vận chuyển, hàng thất lạc và quảng cáo cắn tiền vô ích",6ab6ff44f3ad31ef11df0e10,Nên dừng bán trước Tết 5-10 ngày để tránh bị bom hàng và mất phí hoàn vận chuyển hàng loạt,"Cùng khuyến nghị dừng bán sớm trước Tết vì đơn dịp lễ dễ bị bom/hoàn và shop chịu phí vận chuyển hoàn; 5a5359 đủ hơn (chế độ nghỉ lễ, gia hạn xử lý đơn, quảng cáo).","Mốc gợi ý: dừng bán trước Tết 5–10 ngày, chấp nhận hụt một ít doanh số; mỗi đơn hoàn có thể mất 25–40k phí vận chuyển; lịch nghỉ của ĐVVC đổi hằng năm."
10,6ab6f850f3ad31ef11df0d0a,Đừng đánh giá kênh TikTok Shop mới bằng vài đơn hàng đầu tiên — cần định hướng dài hạn và kiên trì 1-2 tháng,6ab6fca6f3ad31ef11df0df0,"Kiên trì giai đoạn đầu chưa ra đơn hoặc bị vài điểm vi phạm nhỏ: đây là chuyện bình thường, không phải lý do bỏ cuộc","Cùng thông điệp: giai đoạn đầu chưa ra đơn hoặc chỉ vài đơn là bình thường, cần kiên trì; df0d0a có mốc 1–2 tháng và hướng ưu tiên bán được hàng, chấp nhận lãi thấp.","Bị vài điểm vi phạm nhỏ giai đoạn đầu cũng không phải lý do bỏ kênh; tập trung cải thiện nội dung/livestream, chấp nhận biến động khách quan (mã freeship, thuật toán)."
11,6ab6a9d4f3ad31ef11df0c82,"Bảo vệ ROI trong GMV Max: điều kiện kích hoạt (20 chuyển đổi/ngày, ROI dưới 90% mục tiêu) và cách hoàn tiền",6ab73056e8a762a4385a535e,Hoàn tiền quảng cáo TikTok GMV Max khi chi phí chuyển đổi vượt ROI mục tiêu (ROI Protection),"Cùng định nghĩa bảo vệ ROI của GMV Max: đạt ≥20 chuyển đổi/24h mà ROI thực <90% ROI mục tiêu thì được hoàn một phần chi phí; df0c82 cụ thể hơn (điều kiện ngay trong tiêu đề, có bước kháng nghị khi chưa được hoàn).",Khoản hoàn trả về tài khoản quảng cáo dưới dạng voucher; bổ sung cách kiểm tra khoản hoàn đã nhận.
12,6ab6fb38f3ad31ef11df0dac,"Bản chất GMV Max: số đơn hiển thị cộng dồn cả đơn tự nhiên, affiliate và quảng cáo — nên đánh giá bằng ROI tổng, không so lẻ từng nguồn",6ab6aa4cf3ad31ef11df0c95,"GMV Max ghi nhận cả đơn tự nhiên lẫn đơn trả phí — đây là tính năng, không phải lỗi hệ thống","Cùng kiến thức: số đơn GMV Max gộp cả đơn tự nhiên, affiliate và quảng cáo — đây là thiết kế chứ không phải 'ROI ảo'; df0dac đầy đủ hơn vì có cách đánh giá (tổng chi phí ads so với tổng doanh thu cuối tháng).","GMV Max được thiết kế gom mọi nguồn traffic (trả phí, live, video, affiliate) về sản phẩm đã chọn chạy; số liệu tính theo số sản phẩm bán ra, không đếm trùng theo đơn."
13,6ab6a9f2f3ad31ef11df0c88,GMV Max thay thế hoàn toàn quảng cáo tùy chỉnh (VSA/LSA) trên TikTok Shop từ quý 3/2025,6ab6facff3ad31ef11df0d97,"TikTok bỏ hẳn quảng cáo video/live/trung tâm mua sắm cũ, chuyển toàn bộ sang GMV Max từ tháng 7/2025","Cùng một thay đổi chính sách: TikTok bỏ quảng cáo tuỳ chỉnh (video/live/trung tâm mua sắm, VSA/LSA) và chuyển toàn bộ sang GMV Max từ tháng 7 – quý 3/2025; df0c88 có lộ trình và mốc cụ thể hơn.","Một số tài khoản agency còn tuỳ chọn tắt/chuyển, tài khoản cá nhân bị tự động chuyển sang GMV Max; seller cần chuẩn bị đội KOC/affiliate và số lượng lớn video chất lượng."
14,6ab6fba1f3ad31ef11df0dc6,"Chạy quảng cáo vào video có tính chuyển đổi, không phải video nhiều view/lên xu hướng",6ab6faf5f3ad31ef11df0da1,"Video bán hàng: tối ưu tỷ lệ chuyển đổi ra đơn, không chạy theo view hay GMV Max đốt tiền không hiệu quả","Cùng luận điểm: video/quảng cáo bán hàng phải chấm bằng chuyển đổi chứ không bằng view — video vài trăm view vẫn ra nhiều đơn, video triệu view có thể không ra đơn hoặc đơn rất đắt; df0dc6 là framework có bước hành động (xác định mục đích video, dồn ngân sách vào video có tín hiệu chuyển đổi).",Với GMV Max/KOC: cắt ngay quảng cáo tiêu nhiều tiền mà chuyển đổi thấp để bảo vệ lợi nhuận.
15,6ab6fcfaf3ad31ef11df0dfc,Quảng cáo gần như bắt buộc để bán hàng TikTok Shop — trừ sản phẩm biên lợi nhuận quá thấp,6ab6f80df3ad31ef11df0cfc,Bán hàng TikTok Shop cần vốn quảng cáo: đừng chỉ trông chờ video viral hay livestream miễn phí,"Cùng luận điểm: bán hàng TikTok Shop gần như bắt buộc phải có ngân sách quảng cáo, không thể trông chờ traffic tự nhiên, và biên lợi nhuận phải đủ gánh chi phí ads; df0dfc có số liệu và ngoại lệ cụ thể (lãi 20–30 nghìn/đơn).","Ngoài ngân sách ads còn phải đầu tư gửi mẫu affiliate, thuê KOC/quay video chất lượng; giá bán phải cân đủ phí sàn, phí vận hành và phí quảng cáo."
16,6ab6f956f3ad31ef11df0d47,Shop chạy quảng cáo hộ video/livestream của KOC-affiliate: ủy quyền tài khoản và gắn mã quảng cáo,6ab72fd2e8a762a4385a534b,Chạy quảng cáo vào đúng video affiliate qua mã ủy quyền GMV,"Cùng quy trình shop chạy quảng cáo vào đúng video của affiliate/KOC bằng mã ủy quyền (KOC tạo mã, shop dán vào chiến dịch); df0d47 là SOP đầy đủ hơn vì gồm cả livestream (ủy quyền qua quét QR trong GMV Max).",Không tự tải video của KOC về đăng lại (vi phạm chính sách); phía affiliate cần bật 2 cài đặt riêng để được ưu tiên nhận quảng cáo từ shop.
17,6ab6f8aaf3ad31ef11df0d21,"Benchmark hoa hồng KOC/affiliate hợp lý: 10-15% đơn tự nhiên, 3-5% đơn quảng cáo",6ab6f8f2f3ad31ef11df0d32,Không trả hoa hồng affiliate kiểu 1%: cần win-win để KOC gắn bó lâu dài,"Cùng benchmark hoa hồng KOC/affiliate: 10–15% đơn tự nhiên, 3–5% đơn quảng cáo, trả 1% là quá thấp; df0d21 có khung đủ hai đầu (1% quá thấp, 20–30% quá cao) và ngoại lệ ngành mỹ phẩm.","Trả quá thấp khiến KOC bỏ hợp tác nhanh, shop mất nguồn video/quảng cáo chất lượng lâu dài; coi hoa hồng là chi phí đầu tư tăng trưởng và tính vào giá bán thay vì ép giảm."
18,6ab6fb53f3ad31ef11df0db3,"Cách livestream/quay video bán hàng giấu mặt vẫn chuyển đổi tốt: live cam sau, quay tay và cận cảnh sản phẩm",6ab6fb0af3ad31ef11df0da4,Lộ mặt hay giấu mặt khi quay video/livestream không quyết định việc bán được hàng — quan trọng là nội dung thuyết phục và uy tín,"Cùng ý: lộ hay giấu mặt không quyết định bán được hàng — gương mặt không tạo được uy tín thì giấu mặt, quay cận cảnh sản phẩm; df0db3 có cách làm cụ thể (live cam sau, chỉ đưa tay/sản phẩm, không vi phạm chính sách nếu vẫn tương tác bằng lời).","Nếu gương mặt tạo được niềm tin thì lộ mặt vẫn hiệu quả — mục tiêu cuối cùng là bán được hàng, không phải hình thức thể hiện."
19,6ab72ff2e8a762a4385a534f,Chạy tách hay gộp sản phẩm trong chiến dịch GMV: quyết định theo số đơn/ngày để đủ điều kiện bảo vệ ROI,6ab6ab13f3ad31ef11df0cb6,Ngưỡng tách sản phẩm chạy camp riêng: đạt ~30 đơn/ngày ổn định trong 30 ngày liên tiếp,"Cùng quy tắc tách sản phẩm ra camp GMV Max riêng khi đạt ~30 đơn/ngày, chưa đủ thì chạy gộp; 5a534f bao cả chiều gộp và lý do (gộp để đủ >20 đơn/24h hưởng bảo vệ ROI).",Ngưỡng tách cần ổn định ~30 đơn/ngày liên tục 30 ngày (~900 đơn/tháng); tách sớm khi chưa đủ ngưỡng thì camp mới dễ không cắn tiền hoặc cắn tiền mà không ra đơn.
20,6ab69eb8f3ad31ef11df0c13,"4 phương pháp định giá: chi phí là giá sàn, cảm nhận khách hàng là giá trần, nên bán cao không nên bán rẻ",6ab73d7bb43e7b02a2eab67e,"Bốn phương pháp định giá: chi phí, đối thủ, lợi nhuận mong muốn và giá trị cảm nhận — vì sao giá trị cảm nhận thường cao nhất","Cùng khung 4 phương pháp định giá (chi phí, lợi nhuận mong muốn, đối thủ, giá trị cảm nhận) và cùng kết luận giá trị cảm nhận là mức cao nhất / giá trần; df0c13 là framework đầy đủ hơn (khung giá sàn – giá trần, tiêu chí chọn điểm giá).","Bổ sung ví dụ định giá theo giá trị cảm nhận (dịch vụ kế toán thuế, trà/rượu cao cấp) và ý: muốn bán gần giá trần phải đầu tư bao bì, câu chuyện, trải nghiệm tương xứng; thứ tự 4 mức giá từ thấp đến cao: chi phí → đối thủ → lợi nhuận mong muốn → giá trị cảm nhận."
21,6ab6f89af3ad31ef11df0d1d,"Kháng nghị tỷ lệ đánh giá tiêu cực cao 3 bước: bồi thường khách, xin đánh giá lại, nộp bằng chứng cho sàn",6ab6f7e8f3ad31ef11df0cf4,"Quy trình xử lý đánh giá 1 sao: gọi điện xin lỗi khách trước, xin sửa lại rồi mới kháng nghị TikTok","Cùng SOP 3 bước xử lý đánh giá 1–2 sao trên TikTok Shop: liên hệ/bồi thường khách → xin khách sửa đánh giá → nộp bằng chứng kháng nghị để giảm điểm vi phạm; df0d1d đầy đủ hơn (chỉ sửa đánh giá mà không kháng nghị thì điểm shop vẫn tính 1 sao; tự kháng nghị, không thuê dịch vụ ngoài).","Bước 1 nên gọi điện xoa dịu, xin lỗi khách trước khi nghĩ tới kháng nghị; nếu khách không sửa nhưng nhắn xác nhận đánh giá nhầm / đã được hỗ trợ thì chụp tin nhắn làm bằng chứng kháng nghị."
22,6ab688e1f3ad31ef11df09bf,"Thời điểm xuất hóa đơn hàng hóa/dịch vụ: theo chuyển giao quyền sở hữu và hoàn thành dịch vụ, không theo dòng tiền",6ab68d3ef3ad31ef11df09db,"Xuất hóa đơn theo thời điểm chuyển giao hàng/dịch vụ, không chờ thu tiền, kể cả ngày Tết","Cùng quy tắc: lập hoá đơn khi chuyển giao quyền sở hữu/hoàn thành dịch vụ, không chờ thu tiền; df09bf đủ hơn (NĐ123→NĐ70→NĐ254, liên kết mức phạt NĐ310).",Áp dụng cả ngày lễ Tết; chờ thu tiền mới xuất hoặc dồn hoá đơn về cuối tháng đều sai.
23,6ab68adff3ad31ef11df09c5,"Xuất hóa đơn theo đúng loại người mua: khách kinh doanh phải đủ tên/địa chỉ/MST, khách tiêu dùng không bắt buộc CCCD",6ab68eb1f3ad31ef11df0a23,"Ghi thông tin khách lẻ trên hóa đơn điện tử: chỉ ghi những gì khách cung cấp, không bắt buộc CCCD","Cùng nội dung: khách lẻ tiêu dùng không bắt buộc CCCD/MST, chỉ ghi thông tin khách cung cấp; df09c5 bao cả khách là tổ chức/HKD.","Khách chỉ đưa tên, SĐT, địa chỉ thì ghi đúng những thông tin đó; khách chủ động cung cấp CCCD/định danh điện tử thì phải thể hiện; từ 1/7 CCCD/định danh dùng thay MST cá nhân."
24,6ab69460f3ad31ef11df0b10,"Nghĩa vụ xuất hóa đơn của hộ kinh doanh: ngưỡng 1 tỷ, thời điểm và rủi ro khi không xuất",6ab7015bf3ad31ef11df0e28,Doanh thu trên 1 tỷ/năm phải xuất hoá đơn điện tử: cần liên hệ cơ quan thuế và đăng ký phần mềm hoá đơn,"Cùng nghĩa vụ: HKD/shop doanh thu trên 1 tỷ/năm bắt buộc dùng hoá đơn điện tử; df0b10 cụ thể hơn (xuất cho toàn bộ giao dịch, 30 ngày đăng ký, không phạt hồi tố).",Bước làm: liên hệ cơ quan thuế địa phương và mua phần mềm HĐĐT kèm gói số lượng hoá đơn (chi phí tăng theo số đơn).
25,6ab68fadf3ad31ef11df0a51,"Thuế TNDN tính trên ""chi phí được trừ"" chứ không phải ""chi phí kế toán"" — sự khác biệt quyết định số thuế phải nộp",6ab68da0f3ad31ef11df09ec,Vì sao lợi nhuận kế toán và lợi nhuận tính thuế TNDN luôn khác nhau,"Cùng khái niệm lợi nhuận kế toán khác thu nhập tính thuế do chi phí không được trừ, lỗ chuyển và thu nhập miễn thuế; df0a51 có công thức và ví dụ.",Thực tế hầu như không có trường hợp lợi nhuận kế toán bằng lợi nhuận tính thuế.
26,6ab68fc6f3ad31ef11df0a55,"3 lớp điều kiện để chi phí được trừ khi tính thuế TNDN: hợp lý, hợp lệ, hợp pháp",6ab6901df3ad31ef11df0a61,"Có hợp đồng, hóa đơn, chuyển khoản đầy đủ vẫn bị loại chi phí nếu không chứng minh được bản chất giao dịch","Cùng khung 3 lớp hợp lý – hợp lệ – hợp pháp và thông điệp đủ hợp đồng, hoá đơn, chuyển khoản vẫn có thể bị loại; df0a55 là framework nêu rõ từng lớp.","Phải chứng minh được bản chất giao dịch (nội dung, người thực hiện, kết quả bàn giao) và truy ngược được toàn bộ dòng chảy hồ sơ."
27,6ab691f5f3ad31ef11df0a87,"Nghị định 68/2026 hộ kinh doanh: phân nhóm doanh thu, hạn kê khai, ổn định phương pháp tính thuế trong 2 năm",6ab68e8cf3ad31ef11df0a18,Bỏ thuế khoán từ 01/01/2026: hộ kinh doanh chuyển hoàn toàn sang thuế kê khai theo 3 ngưỡng doanh thu,"Cùng nội dung chuyển HKD từ khoán sang kê khai theo nhóm doanh thu (500 triệu / 3 tỷ, trên 3 tỷ tính theo lợi nhuận); df0a87 dẫn đúng NĐ68/2026 và đủ chi tiết nhất; hai thẻ kia là bản tóm tắt từ video, tự ghi cần đối chiếu.","Mốc bỏ hẳn thuế khoán 01/01/2026, mọi HKD kê khai theo doanh thu thực tế; người bán sàn nhóm trên 3 tỷ tính theo lợi nhuận nên phải có hoá đơn, chứng từ chi phí hợp lý."
27,6ab691f5f3ad31ef11df0a87,"Nghị định 68/2026 hộ kinh doanh: phân nhóm doanh thu, hạn kê khai, ổn định phương pháp tính thuế trong 2 năm",6ab7328fe8a762a4385a53b4,"Quy định thuế 2026 cho hộ/cá nhân kinh doanh bán sàn: ngưỡng doanh thu, đóng theo lợi nhuận, xuất hóa đơn chi phí","Cùng nội dung chuyển HKD từ khoán sang kê khai theo nhóm doanh thu (500 triệu / 3 tỷ, trên 3 tỷ tính theo lợi nhuận); df0a87 dẫn đúng NĐ68/2026 và đủ chi tiết nhất; hai thẻ kia là bản tóm tắt từ video, tự ghi cần đối chiếu.","Mốc bỏ hẳn thuế khoán 01/01/2026, mọi HKD kê khai theo doanh thu thực tế; người bán sàn nhóm trên 3 tỷ tính theo lợi nhuận nên phải có hoá đơn, chứng từ chi phí hợp lý."
28,6ab68e58f3ad31ef11df0a0f,"Nghị định 117/2025: 3 tổ chức khấu trừ, nộp thuế thay hộ kinh doanh trên sàn TMĐT; không thay công ty và có thể xin hoàn thuế",6ab730cbe8a762a4385a5373,Sàn TMĐT khấu trừ và nộp thay thuế GTGT/TNCN cho người bán theo lộ trình 2024-2025,"Cùng quy định sàn TMĐT khấu trừ, nộp thay GTGT/TNCN cho HKD/cá nhân từ 01/04/2025; df0a0f dẫn đúng NĐ117/2025, nêu 3 nhóm tổ chức, không áp dụng công ty, cơ chế hoàn.","Sàn khấu trừ trực tiếp trên từng đơn; mỗi cá nhân dùng một MST duy nhất theo số CCCD, thông tin pháp lý trên shop phải khớp hồ sơ thuế."
29,6ab731b4e8a762a4385a539a,"Doanh thu tính thuế hộ kinh doanh TMĐT là tiền khách thanh toán, không phải tiền sàn quyết toán về",6ab68e93f3ad31ef11df0a1c,"Bán trên sàn TMĐT: cơ quan thuế có doanh thu do sàn xác nhận, hộ kinh doanh nộp thuế trên doanh thu, không trừ phí sàn hay giá vốn","Cùng quy tắc: HKD bán sàn nộp thuế trên doanh thu khách thanh toán, không trừ phí sàn hay giá vốn; 5a539a có tỷ lệ 1% + 0,5%, ngưỡng, COD và cộng gộp nền tảng.","Sàn là bên thứ ba xác nhận doanh thu nên cơ quan thuế nắm số liệu chính xác, không thể khai thấp như khoán; khác công ty được trừ chi phí."
30,6ab732e2e8a762a4385a53b9,"Cập nhật căn cước, mã số thuế và tài khoản ngân hàng đúng chủ thể để rút được tiền TikTok Shop",6ab70124f3ad31ef11df0e26,Mã số thuế trên Seller Center phải đúng chủ CCCD (từ 1/7); tài khoản ngân hàng nhận tiền phải đứng tên hộ kinh doanh (từ 1/3),"Cùng yêu cầu CCCD – MST – tài khoản ngân hàng phải đúng chủ thể đăng ký shop TikTok (MST từ 1/7, tài khoản từ 1/3/2026); 5a53b9 nêu cả hậu quả khoá rút tiền.",Shop lập bằng CCCD người khác thì chính người đó phải đi đăng ký kinh doanh lấy MST; tài khoản nhận tiền đứng tên 'Hộ kinh doanh [tên chủ hộ]'.
31,6ab68e92f3ad31ef11df0a1b,"Giám đốc học thuế khác kế toán học thuế: học để hỏi đúng và chịu trách nhiệm, không phải để làm nghiệp vụ",6ab68e48f3ad31ef11df0a0b,"Giám đốc cần hiểu thuế đến mức ra quyết định đúng, không cần giỏi nghiệp vụ như kế toán","Cùng luận điểm giám đốc học thuế để hỏi đúng, ra quyết định và chịu trách nhiệm, không để làm nghiệp vụ như kế toán; df0a1b nêu rõ tương phản hai vai trò.","Căn cứ Luật QLT 108/2025: người nộp thuế vẫn giữ nghĩa vụ khai đúng, nộp đúng, giải trình đúng dù có kế toán hỗ trợ."
32,6ab69150f3ad31ef11df0a7d,"Thuế là kết quả của quyết định kinh doanh: 4 việc giám đốc phải kiểm soát trước khi ký, chi, tuyển, đầu tư",6ab69029f3ad31ef11df0a63,"Kế toán không thể sửa giao dịch sai từ quyết định của giám đốc: quản trị thuế bắt đầu từ trước khi ký, không phải từ tờ khai","Cùng một luận điểm lặp lại trong chuỗi video: thuế sinh ra từ quyết định/chữ ký của giám đốc, kế toán chỉ ghi nhận và không sửa được sau; df0a7d giữ luận điểm và có 4 việc kiểm soát cụ thể.","Kế toán không thể dùng bút toán biến hợp đồng ký sai, khoản chi sai cơ chế thành đúng; khi kiểm tra, cơ quan thuế hỏi ai ký, ai quyết định chi — là giám đốc, kể cả khi kế toán làm đúng hạn; chữ ký sai gây truy thu nhiều năm vì sai thời điểm không sửa được, sai bản chất không hợp thức hoá được."
32,6ab69150f3ad31ef11df0a7d,"Thuế là kết quả của quyết định kinh doanh: 4 việc giám đốc phải kiểm soát trước khi ký, chi, tuyển, đầu tư",6ab6907cf3ad31ef11df0a6f,"""Có kế toán vẫn mất tiền"": thuế không hỏi kế toán mà hỏi ai ký, ai quyết định chi","Cùng một luận điểm lặp lại trong chuỗi video: thuế sinh ra từ quyết định/chữ ký của giám đốc, kế toán chỉ ghi nhận và không sửa được sau; df0a7d giữ luận điểm và có 4 việc kiểm soát cụ thể.","Kế toán không thể dùng bút toán biến hợp đồng ký sai, khoản chi sai cơ chế thành đúng; khi kiểm tra, cơ quan thuế hỏi ai ký, ai quyết định chi — là giám đốc, kể cả khi kế toán làm đúng hạn; chữ ký sai gây truy thu nhiều năm vì sai thời điểm không sửa được, sai bản chất không hợp thức hoá được."
32,6ab69150f3ad31ef11df0a7d,"Thuế là kết quả của quyết định kinh doanh: 4 việc giám đốc phải kiểm soát trước khi ký, chi, tuyển, đầu tư",6ab690e5f3ad31ef11df0a78,Chữ ký của giám đốc là cam kết pháp lý dài hạn về thuế: một quyết định ký sai trả giá nhiều năm,"Cùng một luận điểm lặp lại trong chuỗi video: thuế sinh ra từ quyết định/chữ ký của giám đốc, kế toán chỉ ghi nhận và không sửa được sau; df0a7d giữ luận điểm và có 4 việc kiểm soát cụ thể.","Kế toán không thể dùng bút toán biến hợp đồng ký sai, khoản chi sai cơ chế thành đúng; khi kiểm tra, cơ quan thuế hỏi ai ký, ai quyết định chi — là giám đốc, kể cả khi kế toán làm đúng hạn; chữ ký sai gây truy thu nhiều năm vì sai thời điểm không sửa được, sai bản chất không hợp thức hoá được."
33,6ab68f9ff3ad31ef11df0a4e,"Tối ưu thuế đúng luật là tầm nhìn, không phải mẹo cắt giảm — vì trong thuế ""sửa sau gần như luôn sai""",6ab68eaff3ad31ef11df0a21,"Tối ưu thuế đúng luật, không cố nộp ít nhất bằng mọi giá","Cùng luận điểm tối ưu thuế là hiểu luật để tận dụng đúng, không phải cắt, né hay nộp ít nhất bằng mọi giá.","Tối ưu bằng mọi cách (giảm doanh thu, lương bất hợp lý, đẩy chi phí không đúng) dễ thành trốn thuế: phạt 1–3 lần số thuế trốn, rủi ro hình sự."
34,6ab69380f3ad31ef11df0adb,Kế hoạch tài chính là kịch bản mô phỏng thử sai trước khi chi tiền thật,6ab6935bf3ad31ef11df0acf,Vì sao kinh doanh cảm tính thất bại: cần trải nghiệm mô hình tài chính trên giấy trước khi bỏ vốn thật,"Cùng luận điểm: mô phỏng kinh doanh/mô hình tài chính trên giấy bằng nhiều kịch bản để thử sai trước khi bỏ tiền thật; df0adb là framework, có yêu cầu chi tiết đến từng kênh bán, nhóm sản phẩm.",Gốc thất bại của kinh doanh cảm tính là không hiểu tiền được tạo ra thế nào trong mô hình; khuyến nghị chạy 15–20 kịch bản; case mở nhà hàng thiếu chuẩn bị mất 400 triệu trong 1 tháng.
35,6ab69ef7f3ad31ef11df0c20,"Đặt mục tiêu kế hoạch: suy ngược từ lợi nhuận, 3 phương án Maximum-Minimum-Mong muốn, mục tiêu phải cụ thể bằng số và toàn diện",6ab69321f3ad31ef11df0ac4,"Kế hoạch lợi nhuận: đặt mục tiêu số tiền thực nhận, không phải mục tiêu doanh số","Cùng luận điểm: đặt mục tiêu theo lợi nhuận thực nhận chứ không theo doanh số, kế hoạch phải chi tiết; df0c20 đầy đủ hơn (suy ngược từ lợi nhuận, 3 phương án Max–Min–Mong muốn, mục tiêu bằng số).","Định nghĩa nhập môn: kế hoạch lợi nhuận là bản dự báo DT–CP–LN theo kỳ tháng/quý/năm để 'thử trên giấy'; sai lầm hay gặp: kế hoạch mơ hồ, không chi tiết đến từng kênh bán và từng khoản mục chi phí."
36,6ab691b5f3ad31ef11df0a81,Đặt hạn mức chi phí theo % doanh thu cho từng khoản mục để kiểm soát lợi nhuận,6ab692cdf3ad31ef11df0ab2,"Quản trị tài chính là gì: kiểm soát chi phí theo hạn mức/định mức trên giá bán để giữ lợi nhuận, không chỉ là ""chi tiêu tiết kiệm""",Cùng quy tắc: quản trị tài chính = đặt hạn mức/định mức chi phí theo % doanh thu (giá bán) cho từng khoản mục rồi kiểm soát; df0a81 có thêm bước kế toán đối chiếu đề xuất chi với hạn mức trước khi duyệt.,"Mở đầu nhập môn: quản trị tài chính không chỉ là 'chi tiêu tiết kiệm', không riêng DN lớn; là chu trình lập kế hoạch → đặt hạn mức → kiểm soát → điều chỉnh liên tục; lợi nhuận sổ sách khác tiền thực có."
37,6ab69437f3ad31ef11df0b0a,"Lợi nhuận ≠ dòng tiền: vì sao ""có lãi"" mà vẫn cạn tiền, và vì sao ""có tiền"" mà vẫn lỗ",6ab69230f3ad31ef11df0a93,"Lợi nhuận khác dòng tiền vì luôn tồn tại công nợ phải thu, phải trả; dòng tiền âm dù có lãi không phải lúc nào cũng xấu","Ba thẻ nhập môn cùng một kiến thức: lợi nhuận ≠ dòng tiền do công nợ phải thu/phải trả, tồn kho, trả trước; df0b0a giải thích đủ hai chiều (có lãi mà cạn tiền, có tiền mà vẫn lỗ).","Từ df0a93: đối chiếu tiền với lợi nhuận qua phải thu/phải trả (lưu ý dấu: tăng phải thu làm giảm tiền, tăng phải trả làm tăng tiền — công thức trong thẻ cũ có vẻ đảo dấu); dòng tiền âm dù có lãi không mặc nhiên xấu, phải xét nguyên nhân (đầu tư cho tương lai hay bị khách chiếm dụng, tồn kho). Từ df0bb5: bẫy 'lãi giả lỗ thật' — doanh thu càng lớn dòng tiền càng 'khỏe' càng dễ che lỗ, nhất là mô hình thu hộ/trả hộ, thu tiền trước của khách."
37,6ab69437f3ad31ef11df0b0a,"Lợi nhuận ≠ dòng tiền: vì sao ""có lãi"" mà vẫn cạn tiền, và vì sao ""có tiền"" mà vẫn lỗ",6ab69cbff3ad31ef11df0bb5,"""Lãi giả lỗ thật"": dòng tiền dương lớn không có nghĩa doanh nghiệp đang có lãi","Ba thẻ nhập môn cùng một kiến thức: lợi nhuận ≠ dòng tiền do công nợ phải thu/phải trả, tồn kho, trả trước; df0b0a giải thích đủ hai chiều (có lãi mà cạn tiền, có tiền mà vẫn lỗ).","Từ df0a93: đối chiếu tiền với lợi nhuận qua phải thu/phải trả (lưu ý dấu: tăng phải thu làm giảm tiền, tăng phải trả làm tăng tiền — công thức trong thẻ cũ có vẻ đảo dấu); dòng tiền âm dù có lãi không mặc nhiên xấu, phải xét nguyên nhân (đầu tư cho tương lai hay bị khách chiếm dụng, tồn kho). Từ df0bb5: bẫy 'lãi giả lỗ thật' — doanh thu càng lớn dòng tiền càng 'khỏe' càng dễ che lỗ, nhất là mô hình thu hộ/trả hộ, thu tiền trước của khách."
38,6ab692a2f3ad31ef11df0aac,"Bộ báo cáo tài chính cung cấp thông tin gì và phục vụ ai: 4 báo cáo, 3 nhóm đối tượng",6ab69432f3ad31ef11df0b08,"Bốn báo cáo tài chính trả lời bốn câu hỏi cốt lõi, cần đánh giá định kỳ để tránh cạn vốn","Cùng kiến thức: bộ BCTC gồm 4 báo cáo, mỗi báo cáo trả lời một câu hỏi riêng; df0aac thêm 3 nhóm đối tượng sử dụng (bên ngoài – nhà nước – nội bộ).",Bốn câu hỏi: có gì/nợ gì – lãi lỗ bao nhiêu – tiền ở đâu – chi tiết con số; nên đánh giá theo tháng/quý thay vì chờ hết năm để kịp phát hiện trước khi cạn vốn.
39,6ab68fbcf3ad31ef11df0a54,"Thông tư 58/2026/TT-BTC: chế độ kế toán đơn giản cho DN siêu nhỏ, và phân biệt với chính sách miễn thuế TNDN 3 năm",6ab691d3f3ad31ef11df0a84,"Thông tư 58/2026 quy định chế độ kế toán doanh nghiệp siêu nhỏ, thay Thông tư 132/2018 từ 1/7/2026","Cùng một văn bản: TT58/2026/TT-BTC chế độ kế toán DN siêu nhỏ, thay TT132/2018 từ 1/7/2026; df0a54 cụ thể hơn (không bắt buộc kế toán trưởng, người thân giám đốc được làm kế toán, 4 nhóm sổ theo cách tính thuế, phân biệt với miễn thuế TNDN).","Ngày ban hành 25/5/2026; tiêu chí DN siêu nhỏ theo NĐ 80/2021; DN siêu nhỏ được chọn áp dụng TT58 hoặc tiếp tục TT133; số sổ và nghĩa vụ lập BCTC tùy phương pháp tính thuế GTGT, TNDN đang áp dụng."
40,6ab68f08f3ad31ef11df0a32,Định khoản theo bản chất sự kiện kinh tế: quy trình 7 bước thay vì học thuộc lòng tăng/giảm,6ab6942ef3ad31ef11df0b06,"5 bước định khoản kế toán và nguyên tắc hạch toán từng nghiệp vụ riêng, không bù trừ","Cùng quy trình định khoản theo bản chất nghiệp vụ (đối tượng → tài khoản → tăng/giảm → Nợ/Có → số tiền); df0a32 đủ 7 bước, bắt đầu từ đọc hiểu nội dung kinh tế trên chứng từ.","Nguyên tắc hạch toán riêng từng nghiệp vụ theo bản chất, không tự bù trừ hai nghiệp vụ (vd tiền hàng và phí ngân hàng phải ghi tách); có thể nêu bản rút gọn 5 bước."
41,6ab69113f3ad31ef11df0a7b,"Công thức hỏi kế toán 5 lớp: hỏi đúng bản chất trước ""có được không"" thì kế toán mới làm đúng từ gốc",6ab68ed1f3ad31ef11df0a28,Công thức hỏi kế toán 5 lớp: cách giám đốc kiểm soát thuế mà không cần soi từng bút toán,"Cùng 'công thức hỏi kế toán 5 lớp' (nội dung, căn cứ, giới hạn, tối ưu, rủi ro) để giám đốc kiểm soát mà không soi từng bút toán; df0a7b nêu rõ 5 lớp.","Đặt công thức trong khung 3 việc của giám đốc: hiểu gốc các loại thuế phải nộp – hỏi theo 5 lớp – lập checklist giám sát định kỳ; trách nhiệm cuối cùng trước pháp luật thuộc người ký, không phải người hạch toán."
42,6ab73034e8a762a4385a5357,Công thức tính lợi nhuận sau phí sàn TikTok Shop để đặt giá bán và ngân sách quảng cáo,6ab6f817f3ad31ef11df0cff,"Lập bảng tính lãi lỗ từng đơn hàng sàn TMĐT: trừ đủ phí vận chuyển, phí sàn, quảng cáo, thuế trước khi bán","Cùng công thức tính lãi từng đơn trên sàn: giá bán − giá nhập − phí cố định (phí sàn, hoa hồng, freeship/voucher, thuế…) − phí biến động (quảng cáo…) = lãi thực; 5a5357 có cấu trúc 2 lớp (lãi gốc → lãi thực) và lưu ý tra mức phí hiện hành.","Lập bảng riêng cho từng sản phẩm; nhóm phí biến động gồm quảng cáo, affiliate/booking KOC, đóng gói, hoàn hủy, vận chuyển; mốc tham chiếu: tưởng lãi 40% trên giá vốn, trừ đủ chỉ còn khoảng 10–19%."
43,6ab6f8eef3ad31ef11df0d31,"Nhập 50 bán 70 từng có lãi, nay dễ lỗ: biên lợi nhuận thực co lại khi phí sàn tăng",6ab6f8a1f3ad31ef11df0d1e,"Biên nhập-bán tưởng lãi dày nhưng lỗ thật sau khi trừ phí sàn, quảng cáo, affiliate","Cùng bài học: biên nhập–bán tưởng dày nhưng sau phí sàn, quảng cáo, affiliate/KOC, vận hành thì lãi mỏng hoặc lỗ; df0d31 có nhiều case số và khuyến nghị biên 2,5–3 lần giá nhập.",Mốc tham chiếu: biên nhập–bán 30–55% vẫn có thể lỗ khi phí sàn 15–20%; người ngoài nhìn biên giá dễ kết luận sai là 'ăn lãi dày'.
44,6ab68d5cf3ad31ef11df09e1,"Căn cứ đóng BHXH: khoản trả thường xuyên ổn định vẫn phải tính, dù đặt tên là phụ cấp hay hỗ trợ",6ab68dadf3ad31ef11df09f0,Tách lương thành nhiều tên gọi mà vẫn trả cố định đều mỗi tháng thì vẫn bị truy thu BHXH,"Cùng một quy tắc: khoản trả cố định, đều đặn mỗi kỳ lương vẫn là căn cứ đóng BHXH dù đặt tên phụ cấp/hỗ trợ/KPI; df09e1 có căn cứ pháp lý (Luật BHXH 41, NĐ 158) và tiêu chí loại trừ, df09f0 chỉ nói lại ý đó.",Thêm câu nêu sai lầm phổ biến: chỉ đóng BHXH trên 'lương cơ bản' thấp rồi tách phần còn lại thành phụ cấp/hỗ trợ/KPI/thưởng. Có nhiều khoản không sai; sai ở chỗ tách tên mà không tách bản chất (không gắn kết quả thực tế) nên vẫn bị truy thu.
45,6ab69995f3ad31ef11df0b38,4 kiểu sếp phản ứng khác nhau với việc nhân viên nghe lời: khi nào nên và không nên chỉ biết vâng lời,6ab69959f3ad31ef11df0b34,"4 kiểu sếp cơ bản: độc tài, ái kỷ, dĩ hòa vi quý, nhìn xa trông rộng và cách đọc vị hành vi lãnh đạo","Cùng khung 4 kiểu sếp (độc tài, ái kỷ, dĩ hòa vi quý, nhìn xa trông rộng) và cách mỗi kiểu dùng sự 'nghe lời' của nhân viên; df0b38 nói cụ thể nên làm gì với từng kiểu, df0b34 chỉ nêu khái quát.","Bổ sung gốc của khung: hành vi lãnh đạo xuất phát từ 2 mối bận tâm (tối ưu hiệu quả công việc, quản trị nhân sự), dùng 2 trục này để đọc vị kiểu sếp; liên kết df0b41."
46,6ab69c67f3ad31ef11df0ba4,Chủ động báo cáo và làm việc kín kẽ: cách nhân viên tạo an toàn cho mình và ghi điểm với sếp,6ab6926bf3ad31ef11df0aa1,Nhân viên được đánh giá cao không phải vì hoàn thành đúng deadline mà vì chủ động báo cáo sớm và đề xuất phương án xử lý,"Cùng luận điểm: nhân viên được đánh giá cao nhờ chủ động báo cáo sớm và đề xuất phương án thay vì chờ bị hỏi; df0ba4 có cách làm cụ thể (xác nhận việc, báo cáo tiến độ, báo trước–trong–sau).","Thêm ví dụ đối chiếu: hai nhân viên cùng đúng deadline, người chủ động phát hiện và cảnh báo sớm vấn đề được đánh giá cao hơn người chỉ báo khi sự việc đã xảy ra; áp dụng cả cho kế toán."
47,6ab69ef3f3ad31ef11df0c1e,"Sếp không cần được nhân viên yêu quý, nhưng bắt buộc phải được tôn trọng — nhượng bộ quá mức chỉ mua được sự yêu quý ngắn hạn",6ab69a24f3ad31ef11df0b52,"Mềm mỏng không phải là yếu đuối: leader cả nể sẽ mất nguyên tắc, bị thử giới hạn, rồi mất uy tín","Cùng một luận điểm: sếp dễ dãi, cả nể (để giữ hoà khí hay để được yêu quý) thì cấp dưới coi nhẹ nguyên tắc, thử giới hạn và vị thế của sếp lung lay. df0c1e đầy đủ hơn: có biểu hiện (tạo tiền lệ, du di vi phạm), hệ quả và nền tảng của sự tôn trọng.","Thêm phân biệt 'mềm mỏng khác yếu đuối'; biểu hiện của cả nể: né xung đột, quyết định theo số đông để giữ hoà khí; uy tín mất dần sau hàng chục lần dễ dãi chứ không phải sau một lần."
48,6ab73111e8a762a4385a5381,Không mua follow/tương tác ảo trên TikTok: view và follow không quyết định việc bán được hàng,6ab6fa42f3ad31ef11df0d79,Không mua/búp follow ảo: follow chỉ có giá trị khi chuyển đổi ra đơn hàng thật,"Cùng bài học: số follow không quyết định doanh số TikTok Shop; không mua/búp follow, tương tác ảo.","Từ df0d79: búp follow/mua kênh có sẵn follow có thể mất tính năng bán hàng; follow chỉ có giá trị khi đúng tệp và ra đơn; muốn tăng follow thì làm nội dung giá trị hoặc chạy quảng cáo tăng follow chính thức. Từ df0d6c: ví dụ kênh 80–100 nghìn follow chỉ bán mức bình thường, kênh 1.300 follow bán hơn 100 triệu đồng; follow thấp thì bù bằng kiên trì livestream và chạy quảng cáo đúng mục tiêu ra đơn."
48,6ab73111e8a762a4385a5381,Không mua follow/tương tác ảo trên TikTok: view và follow không quyết định việc bán được hàng,6ab6f9fcf3ad31ef11df0d6c,Follow không quyết định doanh số: bù đắp bằng live kiên trì và chạy quảng cáo đúng cách,"Cùng bài học: số follow không quyết định doanh số TikTok Shop; không mua/búp follow, tương tác ảo.","Từ df0d79: búp follow/mua kênh có sẵn follow có thể mất tính năng bán hàng; follow chỉ có giá trị khi đúng tệp và ra đơn; muốn tăng follow thì làm nội dung giá trị hoặc chạy quảng cáo tăng follow chính thức. Từ df0d6c: ví dụ kênh 80–100 nghìn follow chỉ bán mức bình thường, kênh 1.300 follow bán hơn 100 triệu đồng; follow thấp thì bù bằng kiên trì livestream và chạy quảng cáo đúng mục tiêu ra đơn."
49,6ab6fc57f3ad31ef11df0de5,Đừng bỏ kênh chỉ vì ít view giai đoạn đầu: xây kênh TikTok Shop là quá trình tính theo năm,6ab6fd69f3ad31ef11df0e02,Xoá video/xoá kênh làm lại khi bị 100-200 view không giải quyết gốc rễ vấn đề nội dung kém,Cùng bài học: kênh chỉ vài chục–200 view thì đừng xoá/bỏ kênh làm lại vì không xử lý nguyên nhân gốc.,"Từ df0e02: xoá video cũ cũng vô ích như xoá kênh; nguyên nhân gốc thường là nội dung/kịch bản chưa hấp dẫn hoặc thiếu đầu tư quảng cáo, KOC, tối ưu sản phẩm — phải sửa từ gốc."
50,6ab7306fe8a762a4385a535f,Chuẩn bị nội dung và sản phẩm trước Tết để kênh TikTok không mất tương tác khi nghỉ dài ngày,6ab6f9eaf3ad31ef11df0d67,Duy trì đăng video và tương tác kênh TikTok trong dịp Tết/nghỉ lễ để tránh tụt traffic,"Cùng quy tắc giữ kênh TikTok dịp Tết: quay sẵn video trước kỳ nghỉ, đăng đều trong Tết để kênh không tụt tương tác, traffic.","Từ df0d67: dải số chuẩn bị 5–15 video, đăng 1–3 ngày/clip; chạy quảng cáo ngay sau Tết khi CPM rẻ để kéo lại traffic nhanh."
51,6ab6fc1bf3ad31ef11df0dda,"Video bán hàng one-shot 30 giây trình diễn trực tiếp công năng và cách dùng sản phẩm vẫn bán tốt, không cần kỹ xảo phức tạp",6ab6fc63f3ad31ef11df0de8,"Video one-shot đơn giản (một cảnh quay, không kỹ xảo) vẫn chuyển đổi tốt, miễn trải nghiệm chân thật và đúng sản phẩm","Cùng luận điểm: video one-shot đơn giản, không kỹ xảo vẫn bán tốt; nội dung (công năng, lý do mua, trải nghiệm) quan trọng hơn kỹ thuật dựng.",Từ df0de8: one-shot vẫn ra hàng trăm–nghìn đơn khi chạy GMV Max; quan niệm 'one-shot lỗi thời/không não' là sai; điều kiện là trải nghiệm chân thật và đúng sản phẩm.
52,6ab6fcbbf3ad31ef11df0df6,"Với sản phẩm dễ mua dễ bán, video càng đơn giản (kể cả ""trải sàn"", ghép nhạc) càng dễ chuyển đổi — đừng phức tạp hóa và nên thuê ngoài khâu mình không giỏi",6ab6f80df3ad31ef11df0cfd,"Video ghép nhạc, không lời thoại, chỉ caption ngắn vẫn chuyển đổi tốt; hàng giá rẻ nên bán thẳng, tránh kể chuyện dài dòng","Cùng luận điểm: sản phẩm dễ mua, giá rẻ thì video càng đơn giản (ghép nhạc, đi thẳng vào sản phẩm) càng dễ chuyển đổi.","Từ df0cfd: dạng chỉ quay sản phẩm + ghép nhạc + một dòng caption, không lời thoại vẫn ra đơn; hàng giá rẻ tránh kể chuyện (storytelling) dài trước khi vào sản phẩm."
53,6ab6f905f3ad31ef11df0d34,"Chuyển đổi video bán hàng phụ thuộc tính chân thật: đưa trải nghiệm thật, hạn chế app chỉnh sửa, ""mua bằng mắt""",6ab6aa0cf3ad31ef11df0c8a,"Nội dung chuyển đổi tốt trên TikTok Shop là trải nghiệm cá nhân chân thực, không phải video OneShot số lượng lớn","Cùng luận điểm: chuyển đổi video bán hàng TikTok Shop do trải nghiệm thật, cá nhân của người quay quyết định, không do hình thức hay số lượng.",Từ df0c8a: video one-shot cầm sản phẩm giơ giá quay hàng loạt chuyển đổi kém hơn video có trải nghiệm sử dụng và quan điểm cá nhân; chọn người/giọng thật hay công cụ AI của TikTok tuỳ bản chất sản phẩm.
54,6ab73da4b43e7b02a2eab689,"Định vị tâm trí: thương hiệu được nhớ đến trước quan trọng hơn sinh ra trước – case VinFast, Taco, Honda",6ab69e34f3ad31ef11df0bf9,"Người tiên phong ngành ô tô Việt Nam (Chiến Thắng, Vinasuki, Thaco) chưa chắc là người dẫn đầu","Cùng case ô tô Việt (Chiến Thắng, Vinasuki, Trường Hải/Thaco, VinFast) và cùng bài học: ra đời trước/đi đầu thị trường không bằng chiếm vị trí đầu trong tâm trí khách.","Từ df0bf9: Chiến Thắng dừng vì chiến tranh; Vinasuki chọn tự sản xuất trong nước (chậm, vất vả), Trường Hải chọn nhập khẩu – lắp ráp – nội địa hoá dần và nay dẫn đầu thị phần, doanh thu, nhưng trong nhận thức người Việt VinFast mới là 'ô tô của người Việt'."
55,6ab6f9dcf3ad31ef11df0d61,"Nội dung gây tranh cãi (giá đắt/rẻ, drama, đu trend nóng) kéo view và mắt xem cao trên TikTok, nhưng cần cân nhắc rủi ro uy tín",6ab6fa32f3ad31ef11df0d75,"Bám vấn đề đang nóng/tranh cãi trên mạng giúp video dễ lên xu hướng, nhưng phải dừng lại trước ranh giới bịa đặt, vu khống","Cùng insight: nội dung bám drama, vấn đề nóng, gây tranh cãi kéo view/mắt xem mạnh trên TikTok nhưng có rủi ro uy tín và ranh giới đạo đức.","Từ df0d75: thuật toán ưu tiên video nhiều bình luận/tương tác (ví dụ bám sản phẩm đang bị 'bóc phốt', câu chuyện xã hội đang hot); video gắn giỏ phô nhiều sản phẩm hơn combo thực bán giữ người xem ở giỏ lâu hơn; ranh giới cứng là không bịa đặt, vu khống."
