card_a,title_a,card_b,title_b,note
6ab6f93ef3ad31ef11df0d41,"Định giá bán gấp 2,5-3 lần giá nhập để trụ được trên sàn TMĐT khi phí sàn liên tục tăng",6ab6f9b6f3ad31ef11df0d5b,"Định giá theo giá trị và nhu cầu thị trường, không cộng biên cố định lên giá nhập",Hai cách định giá (hệ số cố định vs theo giá trị) — cần ghi rõ phạm vi áp dụng để không mâu thuẫn.
6ab6ab30f3ad31ef11df0cba,"Giá niêm yết nên gấp 2,5-3 lần giá bán, và cách tăng giá bằng biến thể mới để tránh bị quét",6ab732dce8a762a4385a53b8,Điều chỉnh giá và biến thể sản phẩm đang bán chạy mà không bị TikTok Shop bóp tương tác,Hai cách đổi giá sản phẩm đang chạy: tạo biến thể mới vs tăng từ từ ~5% mỗi 3–5 ngày — nên thống nhất khuyến nghị.
6ab6ab74f3ad31ef11df0cc5,Công thức điểm shop TikTok (50% sản phẩm – 35% kho vận – 15% CSKH) và cách xử lý khi điểm tụt xuống 3.5,6ab6ab4af3ad31ef11df0cbe,"Thời hạn giao hàng, rút ngắn hạn xử lý hủy đơn còn 24h và tính năng Pre-order trên TikTok Shop",df0cbe (chính sách) cũng nêu trọng số 35/50/15 — cần thống nhất số liệu.
6ab6ab32f3ad31ef11df0cbb,Điều kiện mở TikTok Shop và quy trình chuyển đổi pháp nhân chủ shop sang hộ kinh doanh/công ty,6ab73378e8a762a4385a53bf,Quy trình chuyển đổi chủ sở hữu/pháp nhân TikTok Shop và lưu ý thời gian khóa rút tiền sau chuyển,"Cùng thủ tục chuyển pháp nhân nhưng lệch nhau: df0cbb nói chỉ chuyển một chiều cá nhân → HKD/công ty, duyệt 24–48h; 5a53bf nói chuyển được cả sang người khác, khoá rút tiền 15–20 ngày — cần kiểm lại."
6ab73437e8a762a4385a53c4,Vì sao ROI thực tế của quảng cáo GMV lệch xa so với ROI mục tiêu và cơ chế bảo vệ ROI hoạt động thế nào,6ab732f8e8a762a4385a53bb,"Bản chất thuật toán bảo vệ ROI của GMV Max và 3 sai lầm khiến quảng cáo TikTok đắt, ít đơn","Cùng nêu điều kiện bảo vệ ROI (>20 đơn, đủ 24h); 5a53c4 giải thích vì sao ROI thực lệch ROI mục tiêu, 5a53bb liệt kê 3 sai lầm (tách lẻ, hạ ROI tuỳ tiện, săn mẹo)."
6ab73437e8a762a4385a53c4,Vì sao ROI thực tế của quảng cáo GMV lệch xa so với ROI mục tiêu và cơ chế bảo vệ ROI hoạt động thế nào,6ab72fd4e8a762a4385a534d,"Quảng cáo GMV cắn tiền thốc: chính sách bảo vệ ROI và điều kiện cần chạy đủ 24 giờ, trên 20 đơn","Cùng ý thiếu điều kiện bảo vệ ROI (>20 đơn, 24h) thì chi phí lệch mục tiêu; 5a534d đi vào xử lý camp cắn tiền thốc (nâng ROI dần, ngân sách nhỏ khi test)."
6ab72fb3e8a762a4385a5346,"Quảng cáo GMV TikTok Shop cắn tiền ít/chậm: 3 nguyên nhân theo ROI, tệp khách hàng và tài khoản",6ab734f6b43e7b02a2eab659,Sai lầm hạ ROI mục tiêu để cố tăng đơn: 5 nguyên nhân thực sự khiến quảng cáo GMV cắn tiền ít và cách xử lý đúng nguyên nhân,"Cùng chẩn đoán camp GMV cắn tiền ít (ROI cao, tệp hẹp); 5a5346 khuyên hạ dần ROI về hoà vốn, eab659 cảnh báo hạ ROI thường sai — cần thống nhất thông điệp."
6ab6ab9ff3ad31ef11df0ccc,Công thức ROI đề xuất GMV Max = GMV/chi phí quảng cáo 30 ngày: chỉ có hai cách nâng — tăng doanh thu hoặc giảm chi phí,6ab73437e8a762a4385a53c4,Vì sao ROI thực tế của quảng cáo GMV lệch xa so với ROI mục tiêu và cơ chế bảo vệ ROI hoạt động thế nào,"Mâu thuẫn: df0ccc khuyên đặt ROI mục tiêu quanh mức đề xuất (lệch ≤20%), 5a53c4 cho rằng ROI đề xuất cố tình thấp, nên tự tính theo lợi nhuận."
6ab6aa36f3ad31ef11df0c94,"Chỉ tắt camp GMV Max sau khi hoàn tất giai đoạn máy học, không tắt giữa chừng khi camp ""cắn thốc""",6ab7304de8a762a4385a535d,"Khi nào tắt và lên lại chiến dịch GMV: quyết định dựa trên phân tích chỉ số, không theo số ngày cố định","Thời điểm tắt camp: df0c94 chờ hết giai đoạn máy học (1–7 ngày/50 chuyển đổi), 5a535d quyết theo chỉ số mỗi 1–2 ngày — cần thống nhất."
6ab6a9f2f3ad31ef11df0c88,GMV Max thay thế hoàn toàn quảng cáo tùy chỉnh (VSA/LSA) trên TikTok Shop từ quý 3/2025,6ab7329be8a762a4385a53b5,Chạy song song GMV Max và trình quảng cáo tùy chỉnh cho cùng một sản phẩm trên TikTok Shop,"Mâu thuẫn: df0c88 nói không chạy song song hai hình thức cho cùng sản phẩm, 5a53b5 hướng dẫn cách lách (chọn 'Giới thiệu' thay vì 'Shop')."
6ab6aa2af3ad31ef11df0c91,"Bốn yếu tố quyết định hiệu suất GMV Max: sản phẩm win 40%, nội dung 30%, vận hành shop 20%, quảng cáo 10%",6ab6fa9ff3ad31ef11df0d90,"5 yếu tố quyết định GMV Max chạy hiệu quả: sản phẩm, mẫu quảng cáo, giá bán, tồn kho và thương hiệu","Hai khung yếu tố quyết định GMV Max với tỷ trọng khác nhau (sản phẩm 40% vs ~50%, quảng cáo 10%) — nên thống nhất một khung."
6ab732e4e8a762a4385a53ba,"Target mối quan tâm, hành vi, khu vực và ngân sách test ban đầu",6ab6f912f3ad31ef11df0d36,Cấu hình đối tượng/ngân sách quảng cáo trên điện thoại và quảng cáo trong tab Shop (trung tâm mua sắm),Target: để thả rồi suy ngược từ dữ liệu vs chỉ target giới tính/tuổi trên điện thoại.
6ab73102e8a762a4385a537c,Chạy quảng cáo GMV livestream cho affiliate và nhiều kênh cùng lúc,6ab6aacbf3ad31ef11df0ca9,Không nên chạy quảng cáo GMV Max livestream cho kênh của KOC,"Mâu thuẫn: 5a537c khuyến khích chạy GMV live cho kênh affiliate, df0ca9 khuyên shop không chạy GMV live cho kênh KOC (bị tính hoa hồng tiêu chuẩn)."
6ab6f844f3ad31ef11df0d06,"Mắt xem livestream TikTok Shop không tỉ lệ thuận với view video hay số follow, mà phụ thuộc độ trưởng thành kênh, sản phẩm và kỹ năng dẫn live",6ab6fa82f3ad31ef11df0d87,"So sánh phiên live nghìn mắt xem và phiên live vài chục mắt xem: yếu tố quyết định là sản phẩm/khuyến mại/thương hiệu, không phải kỹ năng dẫn live","Mâu thuẫn nhẹ: df0d06 coi kỹ năng dẫn live là yếu tố quyết định mắt xem, df0d87 cho rằng sản phẩm/khuyến mại/thương hiệu quan trọng hơn kỹ năng."
6ab6fa5bf3ad31ef11df0d81,Phụ thuộc vào ít KOC là rủi ro lớn nhất: cần liên tục bổ sung KOC mới,6ab6faf1f3ad31ef11df0da0,Booking ít KOC chất lượng hiệu quả hơn hàng nghìn KOC miễn phí dàn trải,Mâu thuẫn nhẹ: phụ thuộc ít KOC là rủi ro (df0d81) vs ít KOC chất lượng hiệu quả hơn nhiều KOC dàn trải (df0da0).
6ab7300de8a762a4385a5353,"Kiểm tra chỉ số KOL/KOC trước khi mời, quản lý sau khi hợp tác",6ab6aaf1f3ad31ef11df0caf,Loại bỏ kênh affiliate làm nội dung phóng đại/sai sự thật để tránh mất điểm shop,Xoá quyền/loại nhà sáng tạo làm nội dung sai lệch.
6ab4bb32b1c921b0a784dc5a,"Thiết kế thưởng cho sales: tối đa 3 mức có cam kết đầu kỳ, thưởng theo mức vượt trung bình của chính mỗi người, không thưởng việc ai cũng làm",6ab69dfcf3ad31ef11df0bec,"Bộ KPI đa chiều 3-5 chỉ tiêu cho sale, marketing và kế hoạch kinh doanh: không dồn tất cả vào doanh thu tổng","Cùng thiết kế thưởng theo bậc; 84dc5a giới hạn tối đa 3 mức có cam kết đầu kỳ, df0bec yêu cầu tối thiểu 3 mức cho mỗi KPI — cần thống nhất khi biên tập."
6ab4bb30b1c921b0a784dc59,Kế hoạch bán hàng là việc của quản lý: phải dám cam kết mức doanh số tối thiểu dựa trên chỉ số hoạt động của đội,6ab4bc31b1c921b0a784dc8f,"Vẫn phải lập kế hoạch tháng/tuần dù thị trường biến động: giám đốc lập kế hoạch bán hàng, quản lý lập kế hoạch huấn luyện","Cùng câu hỏi ai lập kế hoạch bán hàng; 84dc59 giao quản lý cam kết mức tối thiểu, 84dc8f giao giám đốc lập kế hoạch bán, quản lý lập kế hoạch huấn luyện — cần thống nhất phân vai."
6ab68b39f3ad31ef11df09c6,"Điều chỉnh hóa đơn theo NĐ254/2026: sai kỹ thuật chỉ cần thông báo, sai bản chất mới cần biên bản và điều chỉnh",6ab69035f3ad31ef11df0a66,"Xử lý hóa đơn điện tử sai sót: khi nào hủy, điều chỉnh hay thay thế, và cách kê khai lại","Xử lý HĐ sai sót theo NĐ254/2026 vs NĐ70/2025 — khác văn bản, df0a66 cần ghi mốc hết hiệu lực."
6ab68e88f3ad31ef11df0a17,Nghị định 253/2026 hướng dẫn thuế TNCN: 8 ngưỡng giám đốc và kế toán bắt buộc phải nhớ từ 1/7/2026,6ab692d3f3ad31ef11df0ab3,8 cập nhật thuế TNCN từ tiền lương theo Nghị định 253/2026 và Thông tư 87/2026,"Cùng NĐ253/2026 và '8 điểm' về TNCN tiền lương — có thể trùng, cần soát bản đầy đủ trước khi bỏ."
6ab691f5f3ad31ef11df0a87,"Nghị định 68/2026 hộ kinh doanh: phân nhóm doanh thu, hạn kê khai, ổn định phương pháp tính thuế trong 2 năm",6ab6ac9ff3ad31ef11df0cea,"Ngưỡng thuế khoán hộ kinh doanh: cố định phương pháp trong năm, không hồi tố theo doanh thu năm trước; đề xuất nâng 3 tỷ lên 10 tỷ","NĐ68: 'ổn định phương pháp 2 năm' vs 'cố định trong năm' — số liệu lệch, cần soát văn bản."
6ab691f5f3ad31ef11df0a87,"Nghị định 68/2026 hộ kinh doanh: phân nhóm doanh thu, hạn kê khai, ổn định phương pháp tính thuế trong 2 năm",6ab70006f3ad31ef11df0e1a,"Nghị định 68/2026: bỏ ngưỡng miễn thuế 500 triệu, 3 mốc doanh thu hộ kinh doanh và căn cứ tính theo doanh thu thực tế năm hiện hành","NĐ68: df0a87 ghi dưới 500 triệu miễn thuế, df0e1a ghi bỏ ngưỡng 500 triệu — mâu thuẫn, cần soát."
6ab69ef7f3ad31ef11df0c20,"Đặt mục tiêu kế hoạch: suy ngược từ lợi nhuận, 3 phương án Maximum-Minimum-Mong muốn, mục tiêu phải cụ thể bằng số và toàn diện",6ab73dbab43e7b02a2eab68c,"Đặt mục tiêu tăng trưởng khoa học: chọn giữa ngưỡng khả thi và ngưỡng khát vọng, dựa trên lợi thế cạnh tranh thực và đích đến đo lường được","Đều nói mức mục tiêu (Max–Min–Mong muốn vs khả thi–mong muốn–khát vọng) và mục tiêu đo được; eab68c căn cứ lợi thế cạnh tranh và khẩu vị rủi ro CEO, df0c20 suy ngược từ lợi nhuận."
6ab693fcf3ad31ef11df0afa,"Doanh thu tăng mà lợi nhuận giảm: kế toán phân loại chi phí theo chức năng, giám đốc cần phân loại theo hành vi",6ab69d52f3ad31ef11df0bcf,Xây báo cáo quản trị riêng cho chủ doanh nghiệp: nhóm chi phí theo chức năng thay vì cố định/biến đổi như kế toán,"Mâu thuẫn nội dung: df0afa nói kế toán phân loại theo chức năng, quản trị cần theo hành vi (đúng với mẫu B02 TT200/TT133); df0bcf lại ghi báo cáo quản trị nhóm theo chức năng 'thay vì cố định/biến đổi như kế toán' — cần rà lại df0bcf."
6ab692c9f3ad31ef11df0ab1,Phân biệt báo cáo thuế và báo cáo quản trị nội bộ: mục đích khác nhau khiến lợi nhuận hai bên chênh lệch,6ab69d52f3ad31ef11df0bcf,Xây báo cáo quản trị riêng cho chủ doanh nghiệp: nhóm chi phí theo chức năng thay vì cố định/biến đổi như kế toán,"Cùng chủ đề báo cáo quản trị vs báo cáo thuế/tuân thủ; df0ab1 giải thích vì sao lợi nhuận hai bên lệch, df0bcf hướng dẫn dựng báo cáo quản trị."
6ab68e6bf3ad31ef11df0a16,"Một sổ kế toán ghi đúng bản chất mọi khoản chi, nhưng thuế vẫn có quyền loại chi phí không đủ điều kiện",6ab692c9f3ad31ef11df0ab1,Phân biệt báo cáo thuế và báo cáo quản trị nội bộ: mục đích khác nhau khiến lợi nhuận hai bên chênh lệch,Cùng ý lợi nhuận kế toán/quản trị lệch lợi nhuận tính thuế do chi phí thực tế không được trừ; df0a16 thêm nguyên tắc một sổ ghi đúng bản chất.
6ab6946ef3ad31ef11df0b16,"Bốn kiểu tài chính song song trong một doanh nghiệp: kế toán, giám đốc tài chính, kế hoạch và giám đốc điều hành",6ab691f2f3ad31ef11df0a86,"Ba nhánh kế toán tài chính, thuế, quản trị phục vụ ba đối tượng khác nhau trong doanh nghiệp",Hai khung phân vai tài chính – kế toán (4 kiểu tài chính vs 3 nhánh kế toán) chồng một phần; nên liên kết hoặc thống nhất một khung.
6ab68fbcf3ad31ef11df0a54,"Thông tư 58/2026/TT-BTC: chế độ kế toán đơn giản cho DN siêu nhỏ, và phân biệt với chính sách miễn thuế TNDN 3 năm",6ab69340f3ad31ef11df0aca,Chỉ 3 loại hình doanh nghiệp cho phép vợ/chồng cùng làm giám đốc và kế toán,Cùng chủ đề người thân giám đốc làm kế toán: TT58/2026 cho DN siêu nhỏ vs 3 loại hình theo Điều 19 NĐ 174/2016 — cần thống nhất khi sửa thẻ.
6ab68d01f3ad31ef11df09d0,12 hình thức giao dịch liên kết theo Nghị định 132/2020 và bổ sung tại Nghị định 20/2025,6ab68d15f3ad31ef11df09d6,"Nghị định 255/2026 siết giao dịch liên kết: nhận diện qua vốn, vay, điều hành, gia đình và ngưỡng miễn hồ sơ","Cùng quy định nhận diện giao dịch liên kết; df09d0 theo NĐ 132/2020 + NĐ 20/2025, df09d6 theo NĐ 255/2026 (hiệu lực 1/7/2026) — cần kiểm tra df09d0 còn hiệu lực hay đã bị thay thế."
6ab68e4bf3ad31ef11df0a0c,"5 câu hỏi giám đốc cần kiểm mỗi tháng khi tồn kho lệch sổ sách - rủi ro thuế, hóa đơn và dòng tiền đằng sau con số tồn kho",6ab693f0f3ad31ef11df0af4,"Hàng tồn kho ảo: 2 nguyên nhân chính, rủi ro bị truy thu/phạt và các cách xử lý để đưa số liệu về sát thực tế","Cùng rủi ro tồn kho lệch sổ và hệ quả thuế/hóa đơn; df0a0c là 5 câu hỏi kiểm hằng tháng, df0af4 đi sâu nguyên nhân và cách xử lý tồn kho ảo."
6ab691a9f3ad31ef11df0a7f,"Cơ chế lương phải trả lời 3 câu hỏi tài chính: giữ ai, thưởng gì, quỹ lương chịu được không",6ab694cbf3ad31ef11df0b25,"Cơ chế lương phải làm được 3 việc cùng lúc: hợp pháp, kiểm soát quỹ lương, kéo hiệu suất lên","Cùng dạng 'cơ chế lương phải đáp ứng 3 điều' nhưng khác bộ: (giữ ai, thưởng gì, quỹ chịu được) vs (hợp pháp, kiểm soát quỹ, kéo hiệu suất) — nên thống nhất thành một khung."
6ab690caf3ad31ef11df0a76,"Nghị định 105/2026: kinh phí công đoàn 2% quỹ lương là nghĩa vụ doanh nghiệp, không được trừ vào lương người lao động",6ab69364f3ad31ef11df0ad3,"Kinh phí công đoàn 2026: đối tượng, mức đóng 2%/0,5%, thời hạn và mức phạt chậm nộp","Cùng kinh phí công đoàn 2%; df0a76 (không trừ lương NLĐ, hạch toán chi phí), df0ad3 (đối tượng gồm HKD, đoàn phí 0,5%, kỳ nộp, phạt chậm nộp). Cần thống nhất căn cứ: NĐ 105/2026 vs 'NĐ số 1/2026'."
6ab699adf3ad31ef11df0b3b,Phân biệt giao việc để phát triển chuyên môn hay để khai thác vượt phạm vi,6ab69f96f3ad31ef11df0c38,"Chủ động nhận thêm việc dù chưa tăng lương: tích lũy tín nhiệm, kỹ năng quan trọng hơn lương ngắn hạn",Hai lời khuyên ngược chiều cần đối chiếu: nhận thêm việc dù chưa tăng lương để tích lũy (df0c38) vs nhận diện bị khai thác vượt phạm vi (df0b3b).
6ab69995f3ad31ef11df0b38,4 kiểu sếp phản ứng khác nhau với việc nhân viên nghe lời: khi nào nên và không nên chỉ biết vâng lời,6ab699b7f3ad31ef11df0b3d,"4 tử huyệt tâm lý của sếp: bản thân, danh tiếng, tiền bạc, mối quan hệ chi phối hành vi lãnh đạo",Hai cách giải thích 4 kiểu sếp (theo cách dùng sự nghe lời vs theo 4 tử huyệt tâm lý) — cần thống nhất khung.
6ab69acef3ad31ef11df0b7d,Khi sếp có vẻ không ưa mình hoặc giao tiếp bế tắc: đối thoại chủ động thay vì im lặng chịu đựng,6ab69ec3f3ad31ef11df0c15,"Hảo cảm của sếp rất khó lấy lại một khi đã mất, và cách ứng xử khi bị sếp ghét","Cùng tình huống sếp không ưa mình nhưng khuyên ngược nhau (chủ động đối thoại 1-1 vs giảm tương tác riêng, đưa trao đổi ra tập thể) — cần biên tập thống nhất."
6ab69d42f3ad31ef11df0bcd,Chiến lược bán hàng đi trước marketing: 4 giai đoạn tăng trưởng doanh nghiệp (bán hàng → marketing → nhân sự → tài chính),6ab73d9cb43e7b02a2eab687,"Doanh nghiệp chết theo từng giai đoạn: năm 1 vì không biết bán hàng, năm 2-4 vì marketing yếu, từ năm 4 vì vấn đề nhân sự","Cùng trình tự giai đoạn bán hàng → marketing → nhân sự/tài chính nhưng mốc khác (df0bcd: 3 năm đầu tập trung bán hàng; eab687: năm 1 bán hàng, năm 2–4 marketing, từ năm 4 / 5–7 tỷ/tháng là nhân sự, dòng tiền). df0bcd thêm luận điểm chiến lược kinh doanh dẫn dắt chiến lược marketing. Nên gộp khi làm dày và thống nhất mốc."
6ab73121e8a762a4385a5384,"Knowledge Vault: kho tri thức chính thức để AI Agent tra cứu, thay vì nhồi hết dữ liệu vào Memory hay prompt",6ab73137e8a762a4385a5385,"Trước khi giao việc cho AI Agent, phải chuẩn hoá dữ liệu phân mảnh (Drive, CRM, tài liệu) thành một nguồn thống nhất","Nguồn tri thức, dữ liệu thống nhất cho agent: Knowledge Vault vs bước chuẩn hoá dữ liệu phân mảnh (Drive, CRM) trước khi giao việc."
6ab6f91bf3ad31ef11df0d37,Xác định rõ ngành hàng/mục đích trước khi xây kênh TikTok; chọn sản phẩm đúng định vị và thế mạnh,6ab69a97f3ad31ef11df0b70,"Chọn ngách (niche) để review/kiếm tiền trên TikTok: tiêu chí ""thấy mùi tiền"" trước khi xây kênh","Cùng việc chọn ngách/ngành hàng trước khi xây kênh; df0b70 cho kênh review/KOC (3 tiêu chí: brand chịu chi, ít đối thủ, hợp thế mạnh), df0d37 cho kênh seller (đúng định vị, không gắn sản phẩm trái ngành)."
6ab6fb8ff3ad31ef11df0dbf,Kênh triệu view vẫn không bán được hàng nếu thiếu sản phẩm gắn trong content hoặc lên xu hướng sai tệp khách,6ab6f8d2f3ad31ef11df0d29,"Nội dung kênh TikTok bán hàng phải xoay quanh sản phẩm đang bán, không chạy theo trend rời rạc","Cùng nguyên tắc kênh bán hàng phải lấy sản phẩm làm chất liệu nội dung; df0dbf xử lý kênh giải trí triệu view (lồng sản phẩm dần, tránh lệch tệp), df0d29 là nguyên tắc tuyến nội dung cho kênh bán hàng."
6ab6fb8ff3ad31ef11df0dbf,Kênh triệu view vẫn không bán được hàng nếu thiếu sản phẩm gắn trong content hoặc lên xu hướng sai tệp khách,6ab6fc01f3ad31ef11df0dd7,"Video triệu view chưa chắc ra đơn: cần đánh đúng nỗi đau khách hàng, không chỉ câu view hay giảm giá","Cùng hiện tượng 'triệu view không ra đơn' nhưng khác nguyên nhân: kênh thiếu sản phẩm/lệch tệp (df0dbf) vs video chỉ câu view, không đánh đúng nỗi đau (df0dd7)."
6ab6fb22f3ad31ef11df0da8,"3-5 giây đầu video bán hàng TikTok phải vào thẳng sản phẩm, vấn đề và mức giá — câu kêu gọi mua hàng cuối video không còn quan trọng",6ab6fb6ef3ad31ef11df0db9,"Mở đầu video bán hàng bằng lợi ích/công năng nổi bật thay vì khuyến mại, và diễn đạt bằng giọng điệu phấn khích thay vì liệt kê giá","Cùng quy tắc mở đầu video bán hàng nhưng lệch nhau về giá: df0da8 gợi mở giá ngay 3–5 giây đầu, df0db9 khuyên mở bằng lợi ích/công năng thay vì khuyến mại, không liệt kê giá — cần thống nhất."
6ab6f905f3ad31ef11df0d34,"Chuyển đổi video bán hàng phụ thuộc tính chân thật: đưa trải nghiệm thật, hạn chế app chỉnh sửa, ""mua bằng mắt""",6ab6fc1bf3ad31ef11df0dda,"Video bán hàng one-shot 30 giây trình diễn trực tiếp công năng và cách dùng sản phẩm vẫn bán tốt, không cần kỹ xảo phức tạp","Làm rõ mâu thuẫn one-shot: one-shot có trải nghiệm thật vẫn chuyển đổi tốt (df0dda), one-shot quay hàng loạt thiếu trải nghiệm thì kém (df0d34)."
6ab69d70f3ad31ef11df0bd4,"P1 sản phẩm là gốc của marketing: dồn tiền vào sản phẩm trước, sản phẩm là giáo tấn công còn giá là khiên phòng thủ",6ab69d17f3ad31ef11df0bc5,"Marketing mix 4P: vấn đề ở P sau luôn bắt nguồn từ nguyên nhân ở P trước, đừng vội giảm giá hay đổ tiền quảng cáo","Cùng tư duy 4P lấy sản phẩm làm gốc; df0bd4 nói tái đầu tư vào P1, df0bc5 nói truy nguyên nhân ngược về P trước khi doanh thu giảm."
